name,gapfill,gapfill_from_transcriptome,frequency,count_of_this_gapfill,likelihood_wt_given_observed,BC
ASXL1 c.4183C>G,CCACT,CCAGT,0.0769569041336851,350.0,2.8410807324464094e-189,BC003
CALR c.1154_1155insTTGTC,GTATCACT,CCTT,0.0005314999442782,62.0,7.781407850830964e-37,BC003
IDH2 c.419G>A,CTGGAT,CCGGAT,0.0140508395522388,482.0,1.5417149606387844e-302,BC003
JAK2 c.1849G>T,AAC,CAC,0.8269867549668874,7992.0,0.0,BC003
NFE2 c.190_194del,AGTAAGT,CAGTAAGT,0.0119047619047619,212.0,2.5274444694026414e-227,BC003
TET2 c.5618T>C,AGT,AAT,0.217634275069854,701.0,1.0844789804123685e-165,BC003
ASXL1 c.4183C>G,CCACT,CCAGT,0.7019867549668874,636.0,0.0,BC009
CALR c.1154_1155insTTGTC,GTATCACT,CCTT,0.0012048192771084,14.0,4.866875023962634e-50,BC009
IDH2 c.419G>A,CTGGAT,CCGGAT,0.37957181088314,851.0,0.0,BC009
JAK2 c.1849G>T,AAC,CAC,0.8936170212765957,966.0,0.0,BC009
CALR c.1154_1155insTTGTC,T,CCTT,0.0046236213553129,2273.0,6.991624115356626e-38,BC010
JAK2 c.1849G>T,AAC,CAC,0.5332647733565382,13482.0,0.0,BC010
TP53 c.321C>G,CCT,CGT,0.9521203830369356,4176.0,0.0,BC010
DNMT3A c.2644C>T,CAGCT,CGGCT,0.5264682381142629,5271.0,0.0,BC004
JAK2 c.1849G>T,AAC,CAC,0.5472587635921222,7197.0,0.0,BC004
CALR c.1154_1155insTTGTC,CCGACAATT,CCTT,0.2447517644929722,32458.0,0.0,BC001
SETD2 c.4702A>G,TCGGC,TTGGC,0.3942877354319568,4459.0,0.0,BC001
CALR c.1154_1155insTTGTC,T,CCTT,0.0042943290491563,1269.0,2.926498163841296e-38,BC013
JAK2 c.1849G>T,AAC,CAC,0.9694202071271304,11888.0,0.0,BC013
NFE2 c.190_194del,AGTAAGT,CAGTAAGT,0.0113728079829774,310.0,2.0750839905572224e-217,BC013
CALR c.1154_1155insTTGTC,T,CCTT,0.0042991966839662,1004.0,2.3605967049466425e-32,BC011
JAK2 c.1849G>T,AAC,CAC,0.3844568245125348,6901.0,0.0,BC011
NFE2 c.190_194del,AGTAAGT,CAGTAAGT,0.0349783897879183,348.0,0.0,BC011
NRAS c.35G>A,ATCT,ACCT,0.0064061905365977,303.0,3.936075864531236e-37,BC011
TP53 c.78delT,GAGTAGTT,GAAGTAGTT,0.0162013098931402,47.0,4.478707347326456e-125,BC011
DNMT3A c.2644C>T,TGGCT,CGGCT,0.4168096054888507,486.0,0.0,BC014
IDH2 c.419G>A,CTGGAT,CCGGAT,0.0099206349206349,60.0,2.586160482377403e-134,BC014
JAK2 c.1849G>T,AAC,CAC,0.1960985626283367,382.0,0.0,BC014
NFE2 c.190_194del,AGTAAGT,CAGTAAGT,0.0615243342516069,67.0,0.0,BC014
ASXL1 c.2407C>T,TACT,TGCT,0.4734028021699255,12130.0,0.0,BC015
JAK2 c.1849G>T,AAC,CAC,0.9437362637362636,15029.0,0.0,BC015
JAK2 c.1849G>T,AAC,CAC,0.59375,418.0,0.0,BC008
ASXL1 c.2245_2246insGG,GGGGACCGT,GGGGAGT,0.3132304815334268,1340.0,0.0,BC012
JAK2 c.1849G>T,AAC,CAC,0.9610435271781168,13667.0,0.0,BC012
JAK2 c.3187_3189,TATGC,TACGC,0.9158146617359147,4210.0,0.0,BC012
ASXL1 c.1249C>T,CAGA,CGGA,0.1174275050244042,409.0,7.287821063112202e-235,BC002
CALR c.1154_1155insTTGTC,CTT,CCTT,0.0101536089199928,856.0,7.477922912186794e-63,BC002
JAK2 c.1849G>T,AAC,CAC,0.83666693019211,10583.0,0.0,BC002
SH2B3 c.894G>A,TTCA,TCCA,0.0472146022367588,895.0,2.0601800226767054e-49,BC002
SRSF2 c.161C>T,GAAC,GGAC,0.0503777517259346,1547.0,0.0,BC002
TP53 c.536A>G,ATA,ATG,0.0839160839160839,24.0,7.084597944119324e-73,BC002
CALR c.1154_1155insTTGTC,CCTC,CCTT,0.0010821706194807,393.0,3.917474656504919e-48,BC005
NFE2 c.190_194del,AGTAAGT,CAGTAAGT,0.0157623099455991,339.0,1.2801205660167524e-300,BC005
JAK2 c.1849G>T,AAC,CAC,0.6282744634105121,14870.0,0.0,BC006
NFE2 c.190_194del,AGTAAGT,CAGTAAGT,0.0108565951370278,555.0,6.613305224504826e-208,BC006
SH2B3 c.1527del,GAGC,GAGCC,0.1120689655172413,273.0,3.5012261769132035e-40,BC006
TP53 c.830G>A,GGATA,GGACA,0.4621443916411692,7099.0,0.0,BC006
U2AF1 c.470A>C,ACGG,ACTG,0.5002714277097533,49764.0,0.0,BC006
