name,gapfill,gapfill_from_transcriptome,frequency,count_of_this_gapfill,likelihood_wt_given_observed,BC
JAK2 c.1849G>T,AAC,CAC,0.8269867549668874,7992.0,0.0,BC003
ASXL1 c.4183C>G,CCACT,CCAGT,0.7019867549668874,636.0,0.0,BC009
DNMT3A c.2644C>T,CAGCT,CGGCT,0.5264682381142629,5271.0,0.0,BC004
TP53 c.321C>G,CCT,CGT,0.9521203830369356,4176.0,0.0,BC010
IDH2 c.419G>A,CTGGAT,CCGGAT,0.37957181088314,851.0,0.0,BC009
CALR c.1154_1155insTTGTC,CCGACAATT,CCTT,0.2447517644929722,32458.0,0.0,BC001
ASXL1 c.2407C>T,TACT,TGCT,0.4734028021699255,12130.0,0.0,BC015
NFE2 c.190_194del,AGTAAGT,CAGTAAGT,0.0615243342516069,67.0,0.0,BC014
SETD2 c.4702A>G,TCGGC,TTGGC,0.3942877354319568,4459.0,0.0,BC001
SRSF2 c.161C>T,GAAC,GGAC,0.0503777517259346,1547.0,0.0,BC002
JAK2 c.3187_3189,TATGC,TACGC,0.9158146617359147,4210.0,0.0,BC012
ASXL1 c.2245_2246insGG,GGGGACCGT,GGGGAGT,0.3132304815334268,1340.0,0.0,BC012
U2AF1 c.470A>C,ACGG,ACTG,0.5002714277097533,49764.0,0.0,BC006
TP53 c.830G>A,GGATA,GGACA,0.4621443916411692,7099.0,0.0,BC006
ASXL1 c.1249C>T,CAGA,CGGA,0.1174275050244042,409.0,7.287821063112202e-235,BC002
TET2 c.5618T>C,AGT,AAT,0.217634275069854,701.0,1.0844789804123685e-165,BC003
TP53 c.78delT,GAGTAGTT,GAAGTAGTT,0.0162013098931402,47.0,4.478707347326456e-125,BC011
TP53 c.536A>G,ATA,ATG,0.0839160839160839,24.0,7.084597944119324e-73,BC002
SH2B3 c.894G>A,TTCA,TCCA,0.0472146022367588,895.0,2.0601800226767054e-49,BC002
SH2B3 c.1527del,GAGC,GAGCC,0.1120689655172413,273.0,3.5012261769132035e-40,BC006
NRAS c.35G>A,ATCT,ACCT,0.0064061905365977,303.0,3.936075864531236e-37,BC011
